ID do Cliente,Nome do Cliente,Email,Telefone,Cidade,Estado,Pa√≠s,Data de Cadastro
1,Brett Oconnor,zwall@example.org,+1-421-594-7430x471,North Anthonyborough,Ohio,Norfolk Island,2019-02-19
2,Brian Frey,woodjerry@example.net,589.799.7970x711,Montgomerychester,Mississippi,Colombia,2020-07-29
3,Taylor Schneider,dparsons@example.net,+1-755-320-5703,West Michellefort,South Dakota,Italy,2021-09-30
4,Vincent Simpson,brittney35@example.org,976-805-7902x63860,Edwardsport,Alabama,Lebanon,2023-03-09
5,Michael Vance,smay@example.net,844-657-1149x840,Lake Michaelview,Maryland,Gibraltar,2019-10-05
6,Teresa Garcia,vfreeman@example.com,980.730.8663x02715,North Christopher,Maine,Comoros,2020-07-10
7,Michael Richard,jholmes@example.com,+1-416-535-8646x870,Lake Jennifer,Kentucky,Turkmenistan,2021-02-01
8,Justin Romero,meyerjason@example.net,(946)807-5952,Lovefurt,Idaho,Poland,2022-04-14
9,Mrs. Jessica Ramos,torrestony@example.org,3503142918,Johnsonmouth,Vermont,Zambia,2020-02-28
10,William Ray,brownmariah@example.net,+1-680-537-5067x3716,New Rachel,Minnesota,Australia,2020-08-25
11,Robert Johnson,aperry@example.org,4109264403,North Melissa,Delaware,French Polynesia,2020-04-15
12,Barbara Farmer,erikbennett@example.com,640.257.6193x171,West Karen,Colorado,Nicaragua,2021-03-13
13,David Gonzalez,mariahmendez@example.org,267-441-4506x64270,South Pamela,West Virginia,Puerto Rico,2021-05-31
14,Donald Hughes,dstein@example.org,001-405-803-8817x1607,Heathertown,California,Bangladesh,2020-04-20
15,John Donaldson,burtonvictoria@example.org,987.901.6109x1744,Lake Billton,Arizona,Kyrgyz Republic,2019-11-26
16,Ariel Butler,yjones@example.com,(230)622-9823x3429,West Shawnfort,South Dakota,Anguilla,2019-08-10
17,Tamara Carter,brandonbowers@example.org,+1-222-987-9947,West Stacy,Arkansas,Dominica,2019-03-21
18,Jenna Cummings,william45@example.com,001-839-493-2534x012,South James,Arkansas,Montserrat,2018-12-06
19,Sean Gilmore,alyssaward@example.org,365-885-9018x9726,Christianstad,Nebraska,Saint Lucia,2021-02-06
20,Wendy Lane,steven09@example.com,+1-202-272-3162,Clarkbury,New Jersey,Christmas Island,2021-08-13
21,Antonio Wright,melissa79@example.net,2829221314,New Gabriela,Pennsylvania,Syrian Arab Republic,2020-12-28
22,Tonya Velazquez,rodriguezmelissa@example.net,675-291-4428x4164,Smithton,Kentucky,Slovenia,2021-06-27
23,Deanna Parker,glen44@example.net,001-494-376-7449x50338,Port Ryanland,Arizona,Czech Republic,2019-04-24
24,Dana Welch,karmstrong@example.com,948.426.4314x0846,Port Michaelberg,Texas,Ukraine,2019-12-18
25,Brianna Terry,susangomez@example.com,+1-691-518-4776x8331,East Brianfort,Florida,Greenland,2018-10-20
26,Carla Garrett,ashleybates@example.org,6664061714,Whitakermouth,Kansas,Brunei Darussalam,2021-11-13
27,Tommy Bailey DDS,qbeard@example.net,+1-851-568-2859x38507,New Colton,Massachusetts,Tuvalu,2020-03-30
28,Scott Gay,mbauer@example.org,(508)958-6669,Spencerstad,South Dakota,Saint Kitts and Nevis,2023-02-28
29,Ashley Gonzales,edward91@example.org,2292709404,Port Cynthiastad,Idaho,Andorra,2022-04-08
30,Judy Golden,oromero@example.org,552-750-6477,Guzmanstad,Washington,Mexico,2021-11-11
31,Andrew Webb,pboyer@example.com,620.753.8959,West Laurenshire,Colorado,Myanmar,2022-01-10
32,Jenna Martinez,heatherkeller@example.org,468-750-5463x78044,New Andrew,New Hampshire,Lithuania,2021-11-09
33,Mary Ross,henrygoodwin@example.org,4992322031,Beckmouth,Hawaii,Togo,2022-05-04
34,Isaac Clark,lunarobin@example.com,(538)538-6312,West Audrey,Michigan,Gambia,2019-05-17
35,Bethany Zimmerman,kevinbutler@example.org,(929)885-0398,Eugenebury,North Carolina,Rwanda,2022-02-09
36,Michael Cook,bdavis@example.com,(457)672-6869,Jenniferfurt,Rhode Island,Niue,2021-12-22
37,Anthony Johnson,davidgarcia@example.com,+1-942-996-5484,Lake Jenniferton,California,Belarus,2023-05-23
38,Lee Parrish,jason33@example.com,890.997.1076,Charlotteborough,Indiana,Equatorial Guinea,2020-07-12
39,John Wilson,castillorenee@example.com,001-755-641-3412,East David,New Jersey,Eritrea,2020-11-15
40,Dennis Johnson,dwilliams@example.org,(766)336-3249x367,Daughertyton,Colorado,France,2022-10-12
41,Jordan Snyder,schultzrobert@example.net,835.898.6391x700,East Michelle,Minnesota,Norfolk Island,2023-05-29
42,Joseph Anderson,vickimeyer@example.net,877-593-7932x5858,South Gregory,Utah,Cayman Islands,2023-06-21
43,Alexis Marshall,birdanna@example.net,797-446-5778x55716,Romeroland,Alabama,Samoa,2021-03-04
44,Bradley Medina,jdalton@example.org,250-299-8610x19353,Scottburgh,Vermont,Lesotho,2022-12-14
45,Lisa Jones,pkelley@example.com,001-215-739-0995x0823,South Samanthabury,Tennessee,Georgia,2021-04-24
46,Emily Jackson,morganlauren@example.com,612-736-3598x27580,Jeffreyberg,Nevada,Belgium,2023-09-01
47,Anthony Haynes,jason76@example.org,(772)987-8734,Mcneilbury,Montana,Japan,2018-10-14
48,Thomas Small,heatherhorton@example.com,+1-553-589-3697x774,East John,Nevada,Niger,2022-11-04
49,Sandra Burns DVM,lisa66@example.org,(508)624-3645x25250,Port Steven,West Virginia,Anguilla,2022-02-02
50,Amanda Lozano,kimberly34@example.com,+1-779-669-8631,Matthewton,Maine,Senegal,2020-06-26
51,Erin Nelson,alicia22@example.com,+1-460-688-0623x6580,South Tanya,Nevada,Montserrat,2019-10-09
52,Brandon Perkins DDS,sarah85@example.net,(334)490-6238x636,New Marc,Colorado,Slovakia (Slovak Republic),2023-08-16
53,Daniel Blake,sylviajacobs@example.net,3956052722,New Alejandra,New York,El Salvador,2019-01-15
54,Thomas Kidd,barnesjames@example.org,775-473-0600,North Elizabethmouth,Virginia,Guinea-Bissau,2021-05-26
55,Latasha Hardy MD,qanderson@example.net,722-929-2050,South Ericland,Ohio,Saint Lucia,2023-02-24
56,Hannah Howard DDS,tmartinez@example.com,001-984-603-4932x48396,South Brian,California,Iran,2019-07-09
57,Alan Green,ohall@example.net,(499)252-6452,Kevinchester,North Carolina,Algeria,2022-01-20
58,Cassie Lozano,stephanie06@example.com,+1-918-307-6497,West Marissa,Florida,Japan,2023-08-04
59,Curtis Ford,suzanne51@example.org,+1-615-306-8338x197,Peterport,Rhode Island,Guatemala,2019-01-13
60,Jessica Peters,richardsonjesse@example.net,858-689-8278,Blackburnmouth,Massachusetts,Trinidad and Tobago,2021-10-06
61,Sean Knight,bonillajennifer@example.com,+1-387-575-2472x863,Mcdowellbury,Illinois,Guernsey,2019-05-25
62,Alyssa Rodriguez,danielburns@example.org,465.409.1621,Lake Leah,Hawaii,Namibia,2020-05-26
63,Anthony Miller,sandrashaw@example.net,831-246-4962,North Matthewside,Iowa,Portugal,2021-12-19
64,Ashley Kelly,jessica91@example.net,001-551-608-9200x754,North Sarahside,West Virginia,Samoa,2018-12-20
65,Steven Fuller,perezshannon@example.net,001-985-369-5869,Thomasmouth,North Dakota,United Kingdom,2022-05-17
66,Eric Mckenzie,rodriguezglen@example.net,+1-261-413-9781x70913,Lake Daniel,Idaho,Antigua and Barbuda,2023-06-26
67,Gabriela Carter,kathleen81@example.com,878.860.0220,Lake Kaitlynland,Michigan,Philippines,2021-01-30
68,Ashley Anderson,amanda33@example.com,+1-452-207-1333x5576,Mariafurt,Delaware,French Southern Territories,2021-04-20
69,Morgan Hayes,nhart@example.com,655.250.5942,Port Stevenport,Louisiana,Malta,2019-06-28
70,Steven Mcbride,carly82@example.com,6352799884,Brianhaven,Washington,Botswana,2020-11-21
71,Stephanie Williams,youngerin@example.net,(501)829-8466,Byrdport,Minnesota,Fiji,2021-12-17
72,Robert Pierce,anneking@example.org,938.311.8188,Amandamouth,Ohio,Netherlands,2022-06-19
73,Riley Price,bergshannon@example.net,+1-484-320-0666,Figueroamouth,Louisiana,Ecuador,2021-09-27
74,Kirk Walsh,aramos@example.net,(483)686-8381x5998,Rowehaven,Illinois,Uruguay,2020-11-28
75,Vicki Perry,andrew93@example.com,677-352-3974,Skinnerberg,Missouri,Luxembourg,2020-01-21
76,Amanda Hubbard,johnstonjames@example.net,001-672-299-6252x93004,Danielmouth,Massachusetts,Bermuda,2021-10-11
77,Andrew Bonilla,billy74@example.org,+1-471-595-5853x57544,Lake Isabellatown,New York,Colombia,2022-05-16
78,Paul Munoz,dyerbrandon@example.com,(820)805-5087x831,Pruittstad,Massachusetts,Norfolk Island,2021-09-14
79,Willie Burns,maria11@example.org,763.481.4399,Lake Kurt,Indiana,Andorra,2021-08-23
80,Christopher Bruce,brownmaria@example.com,(363)944-6040x259,Whiteside,Rhode Island,Jersey,2020-09-27
81,Kari Bradshaw,denise56@example.org,533.211.6668x904,Port Georgeton,Oklahoma,Taiwan,2020-01-18
82,Roberta Ellis,ipadilla@example.com,7997992225,Pricebury,West Virginia,Argentina,2023-07-24
83,Ronald Lopez,smitchell@example.org,+1-627-385-2414x810,New Kimberly,Kentucky,Mali,2022-11-22
84,Dr. Donald Matthews,thorton@example.org,400.824.1138x0438,West Austin,West Virginia,Congo,2021-09-15
85,Reginald Jones,kevin77@example.com,823-786-3518,North David,Alaska,Marshall Islands,2019-04-13
86,Anita Carter,gmaldonado@example.org,(856)447-6124x8281,Tiffanyhaven,Kansas,Slovenia,2020-06-16
87,Jason Hinton,warrencharles@example.com,8469455554,Danielstad,Pennsylvania,Rwanda,2019-10-15
88,Mary Green,shannon10@example.com,929-460-0724,Lake Elizabeth,West Virginia,Albania,2019-01-07
89,Gary Walker,alyssa91@example.com,+1-702-319-9893x08190,Port Alexandria,Nevada,Guernsey,2019-05-29
90,Jennifer Smith,crystalperkins@example.org,542.557.3665x367,Wellsville,Delaware,Albania,2019-04-30
91,Christopher Jackson,bowmanrenee@example.org,(541)269-1739,Kirkburgh,Delaware,Saint Martin,2022-05-27
92,Alexis Townsend,kathrynking@example.org,(257)666-9091x41958,Brianport,Montana,Saint Vincent and the Grenadines,2020-12-09
93,Kyle Quinn,ihahn@example.org,(538)624-8802x17869,Alexanderview,Montana,Swaziland,2022-08-28
94,Jenna Clay,matthewsavage@example.org,+1-321-261-9283,Lauramouth,Rhode Island,Cyprus,2020-12-07
95,Elizabeth Gomez,peter89@example.org,001-962-557-3084,North Scottberg,Pennsylvania,United States of America,2019-03-23
96,Mary Guerra,brandidiaz@example.org,636-563-4163x1851,South William,Tennessee,Egypt,2021-08-09
97,Jessica Maddox,hensleyjohn@example.net,689.524.3459,Timothybury,Oklahoma,Benin,2020-03-29
98,Emily Hernandez,michael72@example.org,483.422.6978x537,Port Jessica,Maine,Brunei Darussalam,2019-02-22
99,Martha Crawford,campbelltammy@example.org,+1-473-214-4284,East James,Vermont,Tunisia,2019-07-26
100,Madison Rose,xavier52@example.com,(550)834-3135x21566,North Craigport,Utah,Colombia,2021-03-31
